name	kind	source_kind	layer	defined_in
git_error_set	symbol	function_exported	0	src/util/errors.c
git_apply_flags_t	type	enum	0	include/git2/apply.h
git_cert_ssh_raw_type_t	type	enum	0	include/git2/cert.h
git_cert_ssh_t	type	enum	0	include/git2/cert.h
git_checkout_strategy_t	type	enum	0	include/git2/checkout.h
git_diff_line_t	type	enum	0	include/git2/diff.h
git_diff_option_t	type	enum	0	include/git2/diff.h
git_email_create_flags_t	type	enum	0	include/git2/email.h
git_error_code	type	enum	0	include/git2/errors.h
git_error_t	type	enum	0	include/git2/errors.h
git_merge_file_flag_t	type	enum	0	include/git2/merge.h
git_packbuilder_stage_t	type	enum	0	include/git2/pack.h
git_repository_init_flag_t	type	enum	0	include/git2/repository.h
git_smart_service_t	type	enum	0	include/git2/sys/transport.h
git_smart_subtransport_stream	type	struct	0	include/git2/sys/transport.h
git_status_opt_t	type	enum	0	include/git2/status.h
git_worktree_prune_t	type	enum	0	include/git2/worktree.h
git_revwalk_hide_cb	callback	callback	1	include/git2/revwalk.h
git_stash_apply_progress_cb	callback	callback	1	include/git2/stash.h
git_stash_cb	callback	callback	1	include/git2/stash.h
git_submodule_cb	callback	callback	1	include/git2/submodule.h
git_tag_foreach_cb	callback	callback	1	include/git2/tag.h
git_trace_cb	callback	callback	1	include/git2/trace.h
git_treebuilder_filter_cb	callback	callback	1	include/git2/tree.h
git_treewalk_cb	callback	callback	1	include/git2/tree.h
git_url_resolve_cb	callback	callback	1	include/git2/remote.h
git_repository_set_head	symbol	function_exported	1	src/libgit2/repository.c
git_repository_set_head_detached	symbol	function_exported	1	src/libgit2/repository.c
git_repository_set_head_detached_from_annotated	symbol	function_exported	1	src/libgit2/repository.c
git_repository_set_namespace	symbol	function_exported	1	src/libgit2/repository.c
git_repository_set_refdb	symbol	function_exported	1	src/libgit2/repository.c
git_repository_set_workdir	symbol	function_exported	1	src/libgit2/repository.c
git_repository_state	symbol	function_exported	1	src/libgit2/repository.c
git_repository_state_cleanup	symbol	function_exported	1	src/libgit2/repository.c
git_repository_workdir	symbol	function_exported	1	src/libgit2/repository.c
git_reset_default	symbol	function_exported	1	src/libgit2/reset.c
git_revparse_ext	symbol	function_exported	1	src/libgit2/revparse.c
git_revparse_single	symbol	function_exported	1	src/libgit2/revparse.c
git_revwalk_hide	symbol	function_exported	1	src/libgit2/revwalk.c
git_revwalk_hide_glob	symbol	function_exported	1	src/libgit2/revwalk.c
git_revwalk_hide_head	symbol	function_exported	1	src/libgit2/revwalk.c
git_revwalk_hide_ref	symbol	function_exported	1	src/libgit2/revwalk.c
git_revwalk_new	symbol	function_exported	1	src/libgit2/revwalk.c
git_revwalk_next	symbol	function_exported	1	src/libgit2/revwalk.c
git_revwalk_push	symbol	function_exported	1	src/libgit2/revwalk.c
git_revwalk_push_glob	symbol	function_exported	1	src/libgit2/revwalk.c
git_revwalk_push_head	symbol	function_exported	1	src/libgit2/revwalk.c
git_revwalk_push_range	symbol	function_exported	1	src/libgit2/revwalk.c
git_revwalk_push_ref	symbol	function_exported	1	src/libgit2/revwalk.c
git_revwalk_reset	symbol	function_exported	1	src/libgit2/revwalk.c
git_revwalk_simplify_first_parent	symbol	function_exported	1	src/libgit2/revwalk.c
git_revwalk_sorting	symbol	function_exported	1	src/libgit2/revwalk.c
git_stash_drop	symbol	function_exported	1	src/libgit2/stash.c
git_status_file	symbol	function_exported	1	src/libgit2/status.c
git_status_list_entrycount	symbol	function_exported	1	src/libgit2/status.c
git_status_should_ignore	symbol	function_exported	1	src/libgit2/status.c
git_submodule_add_finalize	symbol	function_exported	1	src/libgit2/submodule.c
git_submodule_add_setup	symbol	function_exported	1	src/libgit2/submodule.c
git_submodule_add_to_index	symbol	function_exported	1	src/libgit2/submodule.c
git_submodule_branch	symbol	function_exported	1	src/libgit2/submodule.c
git_submodule_head_id	symbol	function_exported	1	src/libgit2/submodule.c
git_submodule_ignore	symbol	function_exported	1	src/libgit2/submodule.c
git_submodule_index_id	symbol	function_exported	1	src/libgit2/submodule.c
git_submodule_init	symbol	function_exported	1	src/libgit2/submodule.c
git_submodule_lookup	symbol	function_exported	1	src/libgit2/submodule.c
git_submodule_name	symbol	function_exported	1	src/libgit2/submodule.c
git_submodule_open	symbol	function_exported	1	src/libgit2/submodule.c
git_submodule_path	symbol	function_exported	1	src/libgit2/submodule.c
git_submodule_reload	symbol	function_exported	1	src/libgit2/submodule.c
git_submodule_repo_init	symbol	function_exported	1	src/libgit2/submodule.c
git_submodule_set_branch	symbol	function_exported	1	src/libgit2/submodule.c
git_submodule_set_ignore	symbol	function_exported	1	src/libgit2/submodule.c
git_submodule_set_update	symbol	function_exported	1	src/libgit2/submodule.c
git_submodule_set_url	symbol	function_exported	1	src/libgit2/submodule.c
git_submodule_status	symbol	function_exported	1	src/libgit2/submodule.c
git_submodule_sync	symbol	function_exported	1	src/libgit2/submodule.c
git_submodule_update_strategy	symbol	function_exported	1	src/libgit2/submodule.c
git_submodule_url	symbol	function_exported	1	src/libgit2/submodule.c
git_submodule_wd_id	symbol	function_exported	1	src/libgit2/submodule.c
git_tag_create_lightweight	symbol	function_exported	1	src/libgit2/tag.c
git_tag_delete	symbol	function_exported	1	src/libgit2/tag.c
git_tag_list	symbol	function_exported	1	src/libgit2/tag.c
git_tag_list_match	symbol	function_exported	1	src/libgit2/tag.c
git_transaction_commit	symbol	function_exported	1	src/libgit2/transaction.c
git_transaction_lock_ref	symbol	function_exported	1	src/libgit2/transaction.c
git_transaction_new	symbol	function_exported	1	src/libgit2/transaction.c
git_transaction_remove	symbol	function_exported	1	src/libgit2/transaction.c
git_transaction_set_reflog	symbol	function_exported	1	src/libgit2/transaction.c
git_tree_entry_cmp	symbol	function_exported	1	src/libgit2/tree.c
git_tree_entry_filemode	symbol	function_exported	1	src/libgit2/tree.c
git_tree_entry_filemode_raw	symbol	function_exported	1	src/libgit2/tree.c
git_tree_entry_id	symbol	function_exported	1	src/libgit2/tree.c
git_tree_entry_name	symbol	function_exported	1	src/libgit2/tree.c
git_tree_entry_to_object	symbol	function_exported	1	src/libgit2/tree.c
git_tree_entry_type	symbol	function_exported	1	src/libgit2/tree.c
git_treebuilder_clear	symbol	function_exported	1	src/libgit2/tree.c
git_treebuilder_entrycount	symbol	function_exported	1	src/libgit2/tree.c
git_treebuilder_get	symbol	function_exported	1	src/libgit2/tree.c
git_treebuilder_insert	symbol	function_exported	1	src/libgit2/tree.c
git_treebuilder_remove	symbol	function_exported	1	src/libgit2/tree.c
git_treebuilder_write	symbol	function_exported	1	src/libgit2/tree.c
git_worktree_is_locked	symbol	function_exported	1	src/libgit2/worktree.c
git_worktree_is_prunable	symbol	function_exported	1	src/libgit2/worktree.c
git_worktree_list	symbol	function_exported	1	src/libgit2/worktree.c
git_worktree_lock	symbol	function_exported	1	src/libgit2/worktree.c
git_worktree_lookup	symbol	function_exported	1	src/libgit2/worktree.c
git_worktree_name	symbol	function_exported	1	src/libgit2/worktree.c
git_worktree_open_from_repository	symbol	function_exported	1	src/libgit2/worktree.c
git_worktree_path	symbol	function_exported	1	src/libgit2/worktree.c
git_worktree_prune	symbol	function_exported	1	src/libgit2/worktree.c
git_worktree_prune_options_init	symbol	function_exported	1	src/libgit2/worktree.c
git_worktree_unlock	symbol	function_exported	1	src/libgit2/worktree.c
git_worktree_validate	symbol	function_exported	1	src/libgit2/worktree.c
git_diff_parse_options	type	struct	1	include/git2/diff.h
git_index_options	type	struct	1	include/git2/index.h
git_odb_options	type	struct	1	include/git2/odb.h
git_smart_subtransport	type	struct	1	include/git2/sys/transport.h
git_checkout_notify_cb	callback	callback	2	include/git2/checkout.h
git_commit_create_cb	callback	callback	2	include/git2/commit.h
git_credential_acquire_cb	callback	callback	2	include/git2/credential.h
git_push_negotiation	callback	callback	2	include/git2/remote.h
git_transport_certificate_check_cb	callback	callback	2	include/git2/cert.h
git_blame_file	symbol	function_exported	2	src/libgit2/blame.c
git_blame_init_options	symbol	function_exported	2	src/libgit2/blame.c
git_blob_id	symbol	function_exported	2	src/libgit2/object_api.c
git_blob_is_binary	symbol	function_exported	2	src/libgit2/blob.c
git_blob_lookup	symbol	function_exported	2	src/libgit2/object_api.c
git_blob_rawcontent	symbol	function_exported	2	src/libgit2/blob.c
git_blob_rawsize	symbol	function_exported	2	src/libgit2/blob.c
git_branch_create	symbol	function_exported	2	src/libgit2/branch.c
git_commit_amend	symbol	function_exported	2	src/libgit2/commit.c
git_commit_author	symbol	function_exported	2	src/libgit2/commit.c
git_commit_author_with_mailmap	symbol	function_exported	2	src/libgit2/commit.c
git_commit_body	symbol	function_exported	2	src/libgit2/commit.c
git_commit_committer	symbol	function_exported	2	src/libgit2/commit.c
git_commit_committer_with_mailmap	symbol	function_exported	2	src/libgit2/commit.c
git_commit_create	symbol	function_exported	2	src/libgit2/commit.c
git_commit_create_buffer	symbol	function_exported	2	src/libgit2/commit.c
git_commit_header_field	symbol	function_exported	2	src/libgit2/commit.c
git_commit_id	symbol	function_exported	2	src/libgit2/object_api.c
git_commit_lookup	symbol	function_exported	2	src/libgit2/object_api.c
git_commit_lookup_prefix	symbol	function_exported	2	src/libgit2/object_api.c
git_commit_message	symbol	function_exported	2	src/libgit2/commit.c
git_commit_message_encoding	symbol	function_exported	2	src/libgit2/commit.c
git_commit_message_raw	symbol	function_exported	2	src/libgit2/commit.c
git_commit_parent	symbol	function_exported	2	src/libgit2/commit.c
git_commit_parent_id	symbol	function_exported	2	src/libgit2/commit.c
git_commit_parentcount	symbol	function_exported	2	src/libgit2/commit.c
git_commit_raw_header	symbol	function_exported	2	src/libgit2/commit.c
git_commit_summary	symbol	function_exported	2	src/libgit2/commit.c
git_commit_time	symbol	function_exported	2	src/libgit2/commit.c
git_commit_time_offset	symbol	function_exported	2	src/libgit2/commit.c
git_commit_tree	symbol	function_exported	2	src/libgit2/commit.c
git_commit_tree_id	symbol	function_exported	2	src/libgit2/commit.c
git_config_get_entry	symbol	function_exported	2	src/libgit2/config.c
git_cred_default_new	symbol	function_exported	2	src/libgit2/transports/credential.c
git_cred_has_username	symbol	function_exported	2	src/libgit2/transports/credential.c
git_cred_ssh_key_from_agent	symbol	function_exported	2	src/libgit2/transports/credential.c
git_cred_ssh_key_memory_new	symbol	function_exported	2	src/libgit2/transports/credential.c
git_cred_ssh_key_new	symbol	function_exported	2	src/libgit2/transports/credential.c
git_cred_username_new	symbol	function_exported	2	src/libgit2/transports/credential.c
git_cred_userpass_plaintext_new	symbol	function_exported	2	src/libgit2/transports/credential.c
git_index_add	symbol	function_exported	2	src/libgit2/index.c
git_index_add_all	symbol	function_exported	2	src/libgit2/index.c
git_index_add_bypath	symbol	function_exported	2	src/libgit2/index.c
git_index_add_frombuffer	symbol	function_exported	2	src/libgit2/index.c
git_index_clear	symbol	function_exported	2	src/libgit2/index.c
git_index_conflict_get	symbol	function_exported	2	src/libgit2/index.c
git_index_conflict_iterator_new	symbol	function_exported	2	src/libgit2/index.c
git_index_conflict_next	symbol	function_exported	2	src/libgit2/index.c
git_index_conflict_remove	symbol	function_exported	2	src/libgit2/index.c
git_index_entrycount	symbol	function_exported	2	src/libgit2/index.c
git_index_find_prefix	symbol	function_exported	2	src/libgit2/index.c
git_index_get_byindex	symbol	function_exported	2	src/libgit2/index.c
git_index_get_bypath	symbol	function_exported	2	src/libgit2/index.c
git_index_has_conflicts	symbol	function_exported	2	src/libgit2/index.c
git_index_new	symbol	function_exported	2	src/libgit2/index.c
git_index_open	symbol	function_exported	2	src/libgit2/index.c
git_index_path	symbol	function_exported	2	src/libgit2/index.c
git_index_read	symbol	function_exported	2	src/libgit2/index.c
git_index_read_tree	symbol	function_exported	2	src/libgit2/index.c
git_index_remove	symbol	function_exported	2	src/libgit2/index.c
git_index_remove_all	symbol	function_exported	2	src/libgit2/index.c
git_index_remove_bypath	symbol	function_exported	2	src/libgit2/index.c
git_index_remove_directory	symbol	function_exported	2	src/libgit2/index.c
git_index_set_version	symbol	function_exported	2	src/libgit2/index.c
git_index_update_all	symbol	function_exported	2	src/libgit2/index.c
git_index_version	symbol	function_exported	2	src/libgit2/index.c
git_index_write	symbol	function_exported	2	src/libgit2/index.c
git_index_write_tree	symbol	function_exported	2	src/libgit2/index.c
git_index_write_tree_to	symbol	function_exported	2	src/libgit2/index.c
git_mailmap_resolve_signature	symbol	function_exported	2	src/libgit2/mailmap.c
git_merge_bases	symbol	function_exported	2	src/libgit2/merge.c
git_merge_bases_many	symbol	function_exported	2	src/libgit2/merge.c
git_merge_file	symbol	function_exported	2	src/libgit2/merge_file.c
git_merge_file_from_index	symbol	function_exported	2	src/libgit2/merge_file.c
git_merge_file_options_init	symbol	function_exported	2	src/libgit2/merge.c
git_message_trailers	symbol	function_exported	2	src/libgit2/trailer.c
git_note_author	symbol	function_exported	2	src/libgit2/notes.c
git_note_committer	symbol	function_exported	2	src/libgit2/notes.c
git_note_create	symbol	function_exported	2	src/libgit2/notes.c
git_note_remove	symbol	function_exported	2	src/libgit2/notes.c
git_odb_add_disk_alternate	symbol	function_exported	2	src/libgit2/odb.c
git_odb_exists	symbol	function_exported	2	src/libgit2/odb.c
git_odb_exists_ext	symbol	function_exported	2	src/libgit2/odb.c
git_odb_exists_prefix	symbol	function_exported	2	src/libgit2/odb.c
git_odb_foreach	symbol	function_exported	2	src/libgit2/odb.c
git_odb_new	symbol	function_exported	2	src/libgit2/odb.c
git_odb_open_rstream	symbol	function_exported	2	src/libgit2/odb.c
git_odb_open_wstream	symbol	function_exported	2	src/libgit2/odb.c
git_odb_read_header	symbol	function_exported	2	src/libgit2/odb.c
git_odb_refresh	symbol	function_exported	2	src/libgit2/odb.c
git_odb_stream_finalize_write	symbol	function_exported	2	src/libgit2/odb.c
git_odb_stream_read	symbol	function_exported	2	src/libgit2/odb.c
git_odb_stream_write	symbol	function_exported	2	src/libgit2/odb.c
git_odb_write	symbol	function_exported	2	src/libgit2/odb.c
git_odb_write_pack	symbol	function_exported	2	src/libgit2/odb.c
git_packbuilder_write	symbol	function_exported	2	src/libgit2/pack-objects.c
git_pathspec_match_index	symbol	function_exported	2	src/libgit2/pathspec.c
git_pathspec_match_tree	symbol	function_exported	2	src/libgit2/pathspec.c
git_rebase_commit	symbol	function_exported	2	src/libgit2/rebase.c
git_rebase_finish	symbol	function_exported	2	src/libgit2/rebase.c
git_rebase_inmemory_index	symbol	function_exported	2	src/libgit2/rebase.c
git_rebase_next	symbol	function_exported	2	src/libgit2/rebase.c
git_rebase_operation_byindex	symbol	function_exported	2	src/libgit2/rebase.c
git_reference_iterator_glob_new	symbol	function_exported	2	src/libgit2/refs.c
git_reference_iterator_new	symbol	function_exported	2	src/libgit2/refs.c
git_reference_next	symbol	function_exported	2	src/libgit2/refs.c
git_reference_next_name	symbol	function_exported	2	src/libgit2/refs.c
git_reflog_append	symbol	function_exported	2	src/libgit2/reflog.c
git_reflog_entry_committer	symbol	function_exported	2	src/libgit2/reflog.c
git_remote_ls	symbol	function_exported	2	src/libgit2/remote.c
git_repository_fetchhead_foreach	symbol	function_exported	2	src/libgit2/fetchhead.c
git_repository_index	symbol	function_exported	2	src/libgit2/repository.c
git_repository_init_ext	symbol	function_exported	2	src/libgit2/repository.c
git_repository_init_init_options	symbol	function_exported	2	src/libgit2/repository.c
git_repository_mergehead_foreach	symbol	function_exported	2	src/libgit2/merge.c
git_repository_odb	symbol	function_exported	2	src/libgit2/repository.c
git_repository_set_index	symbol	function_exported	2	src/libgit2/repository.c
git_repository_set_odb	symbol	function_exported	2	src/libgit2/repository.c
git_repository_wrap_odb	symbol	function_exported	2	src/libgit2/repository.c
git_revparse	symbol	function_exported	2	src/libgit2/revparse.c
git_revwalk_add_hide_cb	symbol	function_exported	2	src/libgit2/revwalk.c
git_signature_default	symbol	function_exported	2	src/libgit2/signature.c
git_signature_default_from_env	symbol	function_exported	2	src/libgit2/signature.c
git_signature_new	symbol	function_exported	2	src/libgit2/signature.c
git_signature_now	symbol	function_exported	2	src/libgit2/signature.c
git_stash_foreach	symbol	function_exported	2	src/libgit2/stash.c
git_stash_save	symbol	function_exported	2	src/libgit2/stash.c
git_submodule_foreach	symbol	function_exported	2	src/libgit2/submodule.c
git_tag_annotation_create	symbol	function_exported	2	src/libgit2/tag.c
git_tag_create	symbol	function_exported	2	src/libgit2/tag.c
git_tag_foreach	symbol	function_exported	2	src/libgit2/tag.c
git_tag_id	symbol	function_exported	2	src/libgit2/object_api.c
git_tag_lookup	symbol	function_exported	2	src/libgit2/object_api.c
git_tag_lookup_prefix	symbol	function_exported	2	src/libgit2/object_api.c
git_tag_message	symbol	function_exported	2	src/libgit2/tag.c
git_tag_name	symbol	function_exported	2	src/libgit2/tag.c
git_tag_peel	symbol	function_exported	2	src/libgit2/tag.c
git_tag_tagger	symbol	function_exported	2	src/libgit2/tag.c
git_tag_target	symbol	function_exported	2	src/libgit2/tag.c
git_tag_target_id	symbol	function_exported	2	src/libgit2/tag.c
git_tag_target_type	symbol	function_exported	2	src/libgit2/tag.c
git_trace_set	symbol	function_exported	2	src/libgit2/trace.c
git_transaction_set_symbolic_target	symbol	function_exported	2	src/libgit2/transaction.c
git_transaction_set_target	symbol	function_exported	2	src/libgit2/transaction.c
git_tree_create_updated	symbol	function_exported	2	src/libgit2/tree.c
git_tree_entry_byid	symbol	function_exported	2	src/libgit2/tree.c
git_tree_entry_byindex	symbol	function_exported	2	src/libgit2/tree.c
git_tree_entry_byname	symbol	function_exported	2	src/libgit2/tree.c
git_tree_entry_bypath	symbol	function_exported	2	src/libgit2/tree.c
git_tree_entrycount	symbol	function_exported	2	src/libgit2/tree.c
git_tree_id	symbol	function_exported	2	src/libgit2/object_api.c
git_tree_lookup	symbol	function_exported	2	src/libgit2/object_api.c
git_tree_walk	symbol	function_exported	2	src/libgit2/tree.c
git_treebuilder_filter	symbol	function_exported	2	src/libgit2/tree.c
git_treebuilder_new	symbol	function_exported	2	src/libgit2/tree.c
git_blame_hunk	type	struct	2	include/git2/blame.h
git_cert_hostkey	type	struct	2	include/git2/cert.h
git_cert_x509	type	struct	2	include/git2/cert.h
git_config_backend_entry	type	struct	2	include/git2/sys/config.h
git_diff_binary	type	struct	2	include/git2/diff.h
git_diff_delta	type	struct	2	include/git2/diff.h
git_diff_format_email_options	type	struct	2	include/git2/deprecated.h
git_diff_similarity_metric	type	struct	2	include/git2/diff.h
git_fetch_negotiation	type	struct	2	include/git2/sys/transport.h
git_indexer_options	type	struct	2	include/git2/indexer.h
git_odb_backend	type	struct	2	include/git2/sys/odb_backend.h
git_odb_object	type	struct	2	src/libgit2/odb.h
git_stash_save_options	type	struct	2	include/git2/stash.h
git_status_options	type	struct	2	include/git2/status.h
git_apply_delta_cb	callback	callback	3	include/git2/apply.h
git_diff_binary_cb	callback	callback	3	include/git2/diff.h
git_diff_file_cb	callback	callback	3	include/git2/diff.h
git_diff_hunk_cb	callback	callback	3	include/git2/diff.h
git_diff_line_cb	callback	callback	3	include/git2/diff.h
git_blame_get_hunk_byindex	symbol	function_exported	3	src/libgit2/blame.c
git_blame_get_hunk_byline	symbol	function_exported	3	src/libgit2/blame.c
git_diff_format_email	symbol	function_exported	3	src/libgit2/diff.c
git_diff_format_email_options_init	symbol	function_exported	3	src/libgit2/diff.c
git_diff_get_delta	symbol	function_exported	3	src/libgit2/diff.c
git_indexer_new	symbol	function_exported	3	src/libgit2/indexer.c
git_indexer_options_init	symbol	function_exported	3	src/libgit2/indexer.c
git_mempack_dump	symbol	function_exported	3	src/libgit2/odb_mempack.c
git_mempack_new	symbol	function_exported	3	src/libgit2/odb_mempack.c
git_mempack_reset	symbol	function_exported	3	src/libgit2/odb_mempack.c
git_odb_add_backend	symbol	function_exported	3	src/libgit2/odb.c
git_odb_object_data	symbol	function_exported	3	src/libgit2/odb.c
git_odb_object_free	symbol	function_exported	3	src/libgit2/odb.c
git_odb_object_id	symbol	function_exported	3	src/libgit2/odb.c
git_odb_object_size	symbol	function_exported	3	src/libgit2/odb.c
git_odb_object_type	symbol	function_exported	3	src/libgit2/odb.c
git_odb_read	symbol	function_exported	3	src/libgit2/odb.c
git_patch_get_delta	symbol	function_exported	3	src/libgit2/patch.c
git_pathspec_match_list_diff_entry	symbol	function_exported	3	src/libgit2/pathspec.c
git_stash_save_options_init	symbol	function_exported	3	src/libgit2/stash.c
git_stash_save_with_opts	symbol	function_exported	3	src/libgit2/stash.c
git_status_init_options	symbol	function_exported	3	src/libgit2/status.c
git_status_list_new	symbol	function_exported	3	src/libgit2/status.c
git_checkout_options	type	struct	3	include/git2/checkout.h
git_config_iterator	type	struct	3	include/git2/sys/config.h
git_diff_find_options	type	struct	3	include/git2/diff.h
git_diff_options	type	struct	3	include/git2/diff.h
git_merge_options	type	struct	3	include/git2/merge.h
git_proxy_options	type	struct	3	include/git2/proxy.h
git_status_entry	type	struct	3	include/git2/status.h
git_transport	type	struct	3	include/git2/sys/transport.h
git_smart_subtransport_cb	callback	callback	4	include/git2/sys/transport.h
git_transport_cb	callback	callback	4	include/git2/transport.h
git_checkout_head	symbol	function_exported	4	src/libgit2/checkout.c
git_checkout_index	symbol	function_exported	4	src/libgit2/checkout.c
git_checkout_init_options	symbol	function_exported	4	src/libgit2/checkout.c
git_checkout_tree	symbol	function_exported	4	src/libgit2/checkout.c
git_cherrypick_commit	symbol	function_exported	4	src/libgit2/cherrypick.c
git_config_iterator_free	symbol	function_exported	4	src/libgit2/config.c
git_config_iterator_glob_new	symbol	function_exported	4	src/libgit2/config.c
git_config_iterator_new	symbol	function_exported	4	src/libgit2/config.c
git_config_multivar_iterator_new	symbol	function_exported	4	src/libgit2/config.c
git_config_next	symbol	function_exported	4	src/libgit2/config.c
git_diff_blobs	symbol	function_exported	4	src/libgit2/patch_generate.c
git_diff_find_init_options	symbol	function_exported	4	src/libgit2/diff.c
git_diff_find_similar	symbol	function_exported	4	src/libgit2/diff_tform.c
git_diff_foreach	symbol	function_exported	4	src/libgit2/diff.c
git_diff_index_to_index	symbol	function_exported	4	src/libgit2/diff_generate.c
git_diff_index_to_workdir	symbol	function_exported	4	src/libgit2/diff_generate.c
git_diff_init_options	symbol	function_exported	4	src/libgit2/diff.c
git_diff_print	symbol	function_exported	4	src/libgit2/diff_print.c
git_diff_tree_to_index	symbol	function_exported	4	src/libgit2/diff_generate.c
git_diff_tree_to_tree	symbol	function_exported	4	src/libgit2/diff_generate.c
git_diff_tree_to_workdir	symbol	function_exported	4	src/libgit2/diff_generate.c
git_diff_tree_to_workdir_with_index	symbol	function_exported	4	src/libgit2/diff_generate.c
git_merge	symbol	function_exported	4	src/libgit2/merge.c
git_merge_commits	symbol	function_exported	4	src/libgit2/merge.c
git_merge_init_options	symbol	function_exported	4	src/libgit2/merge.c
git_merge_trees	symbol	function_exported	4	src/libgit2/merge.c
git_patch_from_blob_and_buffer	symbol	function_exported	4	src/libgit2/patch_generate.c
git_patch_from_blobs	symbol	function_exported	4	src/libgit2/patch_generate.c
git_patch_from_buffers	symbol	function_exported	4	src/libgit2/patch_generate.c
git_patch_print	symbol	function_exported	4	src/libgit2/diff_print.c
git_reset	symbol	function_exported	4	src/libgit2/reset.c
git_revert_commit	symbol	function_exported	4	src/libgit2/revert.c
git_status_byindex	symbol	function_exported	4	src/libgit2/status.c
git_transport_smart	symbol	function_exported	4	src/libgit2/transports/smart.c
git_apply_options	type	struct	4	include/git2/apply.h
git_cherrypick_options	type	struct	4	include/git2/cherrypick.h
git_email_create_options	type	struct	4	include/git2/email.h
git_rebase_options	type	struct	4	include/git2/rebase.h
git_remote_callbacks	type	struct	4	include/git2/remote.h
git_revert_options	type	struct	4	include/git2/revert.h
git_stash_apply_options	type	struct	4	include/git2/stash.h
git_worktree_add_options	type	struct	4	include/git2/worktree.h
git_apply	symbol	function_exported	5	src/libgit2/apply.c
git_apply_options_init	symbol	function_exported	5	src/libgit2/apply.c
git_apply_to_tree	symbol	function_exported	5	src/libgit2/apply.c
git_cherrypick	symbol	function_exported	5	src/libgit2/cherrypick.c
git_cherrypick_init_options	symbol	function_exported	5	src/libgit2/cherrypick.c
git_email_create_from_commit	symbol	function_exported	5	src/libgit2/email.c
git_email_create_from_diff	symbol	function_exported	5	src/libgit2/email.c
git_rebase_init	symbol	function_exported	5	src/libgit2/rebase.c
git_rebase_init_options	symbol	function_exported	5	src/libgit2/rebase.c
git_rebase_open	symbol	function_exported	5	src/libgit2/rebase.c
git_remote_connect	symbol	function_exported	5	src/libgit2/remote.c
git_remote_init_callbacks	symbol	function_exported	5	src/libgit2/remote.c
git_remote_prune	symbol	function_exported	5	src/libgit2/remote.c
git_remote_update_tips	symbol	function_exported	5	src/libgit2/remote.c
git_revert	symbol	function_exported	5	src/libgit2/revert.c
git_revert_options_init	symbol	function_exported	5	src/libgit2/revert.c
git_stash_apply	symbol	function_exported	5	src/libgit2/stash.c
git_stash_apply_init_options	symbol	function_exported	5	src/libgit2/stash.c
git_stash_pop	symbol	function_exported	5	src/libgit2/stash.c
git_transport_register	symbol	function_exported	5	src/libgit2/transport.c
git_worktree_add	symbol	function_exported	5	src/libgit2/worktree.c
git_worktree_add_options_init	symbol	function_exported	5	src/libgit2/worktree.c
git_fetch_options	type	struct	5	include/git2/remote.h
git_push_options	type	struct	5	include/git2/remote.h
git_smart_subtransport_definition	type	struct	5	include/git2/sys/transport.h
git_remote_download	symbol	function_exported	6	src/libgit2/remote.c
git_remote_fetch	symbol	function_exported	6	src/libgit2/remote.c
git_remote_push	symbol	function_exported	6	src/libgit2/remote.c
git_clone_options	type	struct	6	include/git2/clone.h
git_submodule_update_options	type	struct	6	include/git2/submodule.h
git_clone	symbol	function_exported	7	src/libgit2/clone.c
git_clone_init_options	symbol	function_exported	7	src/libgit2/clone.c
git_submodule_clone	symbol	function_exported	7	src/libgit2/submodule.c
git_submodule_update	symbol	function_exported	7	src/libgit2/submodule.c
